BranchId,Branch_Name,MerchantId
76,Branch 76,10
77,Branch 77,10
78,Branch 78,10
79,Branch 79,10
80,Branch 80,10
83,Branch 83,10
84,Branch 84,10
85,Branch 85,10
86,Branch 86,10
87,Branch 87,10
88,Branch 88,15
89,Branch 89,15
90,Branch 90,15
91,Branch 91,15
92,Branch 92,15
93,Branch 93,15
94,Branch 94,15
95,Branch 95,15
96,Branch 96,15
98,Branch 98,15
99,Branch 99,15
996,Branch 996,15
100,Branch 100,16
101,Branch 101,16
102,Branch 102,16
103,Branch 103,16
105,Branch 105,16
106,Branch 106,16
107,Branch 107,16
108,Branch 108,16
109,Branch 109,16
113,Branch 113,16
114,Branch 114,16
115,Branch 115,16
116,Branch 116,16
117,Branch 117,16
118,Branch 118,16
119,Branch 119,16
120,Branch 120,16
121,Branch 121,16
123,Branch 123,16
125,Branch 125,16
126,Branch 126,16
127,Branch 127,16
128,Branch 128,16
130,Branch 130,16
131,Branch 131,16
133,Branch 133,16
135,Branch 135,16
137,Branch 137,16
139,Branch 139,16
140,Branch 140,16
142,Branch 142,16
143,Branch 143,16
144,Branch 144,16
716,Branch 716,16
717,Branch 717,16
1061,Branch 1061,16
1207,Branch 1207,16
104,Branch 104,17
110,Branch 110,17
111,Branch 111,17
112,Branch 112,17
122,Branch 122,17
124,Branch 124,17
129,Branch 129,17
132,Branch 132,17
134,Branch 134,17
136,Branch 136,17
138,Branch 138,17
141,Branch 141,17
145,Branch 145,17
146,Branch 146,17
147,Branch 147,17
148,Branch 148,17
149,Branch 149,17
150,Branch 150,17
433,Branch 433,17
667,Branch 667,17
714,Branch 714,17
715,Branch 715,17
738,Branch 738,17
928,Branch 928,17
929,Branch 929,17
1001,Branch 1001,17
1002,Branch 1002,17
1049,Branch 1049,17
1064,Branch 1064,17
1102,Branch 1102,17
1103,Branch 1103,17
1206,Branch 1206,17
151,Branch 151,18
152,Branch 152,18
153,Branch 153,18
154,Branch 154,18
155,Branch 155,18
158,Branch 158,18
159,Branch 159,18
161,Branch 161,18
164,Branch 164,18
167,Branch 167,18
170,Branch 170,18
173,Branch 173,18
176,Branch 176,18
178,Branch 178,18
181,Branch 181,18
186,Branch 186,18
188,Branch 188,18
190,Branch 190,18
193,Branch 193,18
194,Branch 194,18
480,Branch 480,18
156,Branch 156,19
157,Branch 157,19
162,Branch 162,19
166,Branch 166,19
171,Branch 171,19
175,Branch 175,19
182,Branch 182,19
185,Branch 185,19
191,Branch 191,19
196,Branch 196,19
199,Branch 199,19
331,Branch 331,19
332,Branch 332,19
333,Branch 333,19
334,Branch 334,19
335,Branch 335,19
336,Branch 336,19
337,Branch 337,19
338,Branch 338,19
339,Branch 339,19
340,Branch 340,19
341,Branch 341,19
342,Branch 342,19
343,Branch 343,19
344,Branch 344,19
345,Branch 345,19
346,Branch 346,19
347,Branch 347,19
348,Branch 348,19
349,Branch 349,19
350,Branch 350,19
351,Branch 351,19
352,Branch 352,19
353,Branch 353,19
354,Branch 354,19
355,Branch 355,19
356,Branch 356,19
357,Branch 357,19
358,Branch 358,19
359,Branch 359,19
361,Branch 361,19
362,Branch 362,19
363,Branch 363,19
364,Branch 364,19
365,Branch 365,19
366,Branch 366,19
367,Branch 367,19
368,Branch 368,19
369,Branch 369,19
370,Branch 370,19
371,Branch 371,19
372,Branch 372,19
373,Branch 373,19
374,Branch 374,19
375,Branch 375,19
376,Branch 376,19
377,Branch 377,19
378,Branch 378,19
379,Branch 379,19
380,Branch 380,19
381,Branch 381,19
382,Branch 382,19
383,Branch 383,19
384,Branch 384,19
385,Branch 385,19
386,Branch 386,19
387,Branch 387,19
388,Branch 388,19
389,Branch 389,19
390,Branch 390,19
391,Branch 391,19
392,Branch 392,19
395,Branch 395,19
397,Branch 397,19
398,Branch 398,19
406,Branch 406,19
407,Branch 407,19
408,Branch 408,19
409,Branch 409,19
410,Branch 410,19
411,Branch 411,19
412,Branch 412,19
413,Branch 413,19
414,Branch 414,19
415,Branch 415,19
416,Branch 416,19
417,Branch 417,19
418,Branch 418,19
419,Branch 419,19
420,Branch 420,19
421,Branch 421,19
422,Branch 422,19
423,Branch 423,19
424,Branch 424,19
425,Branch 425,19
426,Branch 426,19
427,Branch 427,19
428,Branch 428,19
429,Branch 429,19
430,Branch 430,19
431,Branch 431,19
432,Branch 432,19
434,Branch 434,19
435,Branch 435,19
729,Branch 729,19
730,Branch 730,19
740,Branch 740,19
864,Branch 864,19
865,Branch 865,19
866,Branch 866,19
867,Branch 867,19
868,Branch 868,19
869,Branch 869,19
870,Branch 870,19
871,Branch 871,19
872,Branch 872,19
873,Branch 873,19
874,Branch 874,19
875,Branch 875,19
876,Branch 876,19
877,Branch 877,19
878,Branch 878,19
879,Branch 879,19
880,Branch 880,19
881,Branch 881,19
882,Branch 882,19
883,Branch 883,19
884,Branch 884,19
885,Branch 885,19
886,Branch 886,19
887,Branch 887,19
888,Branch 888,19
889,Branch 889,19
890,Branch 890,19
891,Branch 891,19
892,Branch 892,19
893,Branch 893,19
894,Branch 894,19
895,Branch 895,19
896,Branch 896,19
897,Branch 897,19
898,Branch 898,19
899,Branch 899,19
900,Branch 900,19
901,Branch 901,19
902,Branch 902,19
903,Branch 903,19
904,Branch 904,19
905,Branch 905,19
906,Branch 906,19
907,Branch 907,19
908,Branch 908,19
909,Branch 909,19
910,Branch 910,19
911,Branch 911,19
912,Branch 912,19
913,Branch 913,19
914,Branch 914,19
915,Branch 915,19
916,Branch 916,19
917,Branch 917,19
918,Branch 918,19
919,Branch 919,19
920,Branch 920,19
921,Branch 921,19
922,Branch 922,19
923,Branch 923,19
924,Branch 924,19
925,Branch 925,19
926,Branch 926,19
930,Branch 930,19
970,Branch 970,19
972,Branch 972,19
973,Branch 973,19
974,Branch 974,19
975,Branch 975,19
976,Branch 976,19
977,Branch 977,19
978,Branch 978,19
979,Branch 979,19
980,Branch 980,19
981,Branch 981,19
982,Branch 982,19
984,Branch 984,19
985,Branch 985,19
986,Branch 986,19
987,Branch 987,19
990,Branch 990,19
1037,Branch 1037,19
1038,Branch 1038,19
1046,Branch 1046,19
1124,Branch 1124,19
1193,Branch 1193,19
1194,Branch 1194,19
1195,Branch 1195,19
1196,Branch 1196,19
1201,Branch 1201,19
1208,Branch 1208,19
163,Branch 163,20
165,Branch 165,20
168,Branch 168,20
169,Branch 169,20
172,Branch 172,20
174,Branch 174,20
177,Branch 177,20
179,Branch 179,20
180,Branch 180,20
183,Branch 183,20
184,Branch 184,20
187,Branch 187,20
189,Branch 189,20
192,Branch 192,20
195,Branch 195,20
197,Branch 197,20
198,Branch 198,20
360,Branch 360,20
200,Branch 200,21
201,Branch 201,21
202,Branch 202,21
203,Branch 203,21
204,Branch 204,21
943,Branch 943,21
1115,Branch 1115,21
205,Branch 205,22
206,Branch 206,22
207,Branch 207,22
208,Branch 208,22
209,Branch 209,22
210,Branch 210,22
211,Branch 211,22
212,Branch 212,22
213,Branch 213,22
214,Branch 214,22
215,Branch 215,22
216,Branch 216,22
218,Branch 218,22
233,Branch 233,22
234,Branch 234,22
235,Branch 235,22
238,Branch 238,22
241,Branch 241,22
245,Branch 245,22
247,Branch 247,22
250,Branch 250,22
253,Branch 253,22
256,Branch 256,22
258,Branch 258,22
266,Branch 266,22
267,Branch 267,22
268,Branch 268,22
269,Branch 269,22
270,Branch 270,22
271,Branch 271,22
273,Branch 273,22
276,Branch 276,22
278,Branch 278,22
280,Branch 280,22
281,Branch 281,22
282,Branch 282,22
283,Branch 283,22
284,Branch 284,22
285,Branch 285,22
286,Branch 286,22
287,Branch 287,22
288,Branch 288,22
289,Branch 289,22
290,Branch 290,22
291,Branch 291,22
292,Branch 292,22
293,Branch 293,22
294,Branch 294,22
295,Branch 295,22
296,Branch 296,22
297,Branch 297,22
298,Branch 298,22
299,Branch 299,22
300,Branch 300,22
301,Branch 301,22
302,Branch 302,22
303,Branch 303,22
304,Branch 304,22
305,Branch 305,22
306,Branch 306,22
307,Branch 307,22
308,Branch 308,22
309,Branch 309,22
310,Branch 310,22
311,Branch 311,22
312,Branch 312,22
314,Branch 314,22
315,Branch 315,22
316,Branch 316,22
317,Branch 317,22
318,Branch 318,22
319,Branch 319,22
320,Branch 320,22
661,Branch 661,22
217,Branch 217,23
220,Branch 220,23
221,Branch 221,23
222,Branch 222,23
223,Branch 223,23
224,Branch 224,23
225,Branch 225,23
226,Branch 226,23
227,Branch 227,23
228,Branch 228,23
229,Branch 229,23
230,Branch 230,23
231,Branch 231,23
232,Branch 232,23
236,Branch 236,23
237,Branch 237,23
239,Branch 239,23
240,Branch 240,23
242,Branch 242,23
243,Branch 243,23
244,Branch 244,23
246,Branch 246,23
248,Branch 248,23
249,Branch 249,23
252,Branch 252,23
254,Branch 254,23
255,Branch 255,23
257,Branch 257,23
260,Branch 260,23
262,Branch 262,23
263,Branch 263,23
265,Branch 265,23
664,Branch 664,23
665,Branch 665,23
669,Branch 669,23
670,Branch 670,23
671,Branch 671,23
672,Branch 672,23
673,Branch 673,23
674,Branch 674,23
675,Branch 675,23
937,Branch 937,23
1065,Branch 1065,23
1083,Branch 1083,23
1084,Branch 1084,23
1085,Branch 1085,23
1086,Branch 1086,23
1116,Branch 1116,23
272,Branch 272,24
274,Branch 274,24
275,Branch 275,24
277,Branch 277,24
279,Branch 279,24
393,Branch 393,24
394,Branch 394,24
396,Branch 396,24
399,Branch 399,24
400,Branch 400,24
401,Branch 401,24
402,Branch 402,24
403,Branch 403,24
405,Branch 405,24
321,Branch 321,25
322,Branch 322,25
323,Branch 323,25
324,Branch 324,25
325,Branch 325,25
326,Branch 326,25
327,Branch 327,25
328,Branch 328,25
329,Branch 329,25
330,Branch 330,25
436,Branch 436,26
440,Branch 440,26
441,Branch 441,26
442,Branch 442,26
443,Branch 443,26
444,Branch 444,26
446,Branch 446,26
447,Branch 447,26
448,Branch 448,26
449,Branch 449,26
450,Branch 450,26
451,Branch 451,26
452,Branch 452,26
678,Branch 678,26
933,Branch 933,26
1209,Branch 1209,26
1210,Branch 1210,26
1211,Branch 1211,26
454,Branch 454,27
455,Branch 455,27
456,Branch 456,27
457,Branch 457,27
458,Branch 458,27
459,Branch 459,27
460,Branch 460,27
461,Branch 461,27
462,Branch 462,27
463,Branch 463,27
464,Branch 464,27
465,Branch 465,27
466,Branch 466,27
467,Branch 467,27
468,Branch 468,27
469,Branch 469,27
470,Branch 470,27
471,Branch 471,27
472,Branch 472,27
473,Branch 473,27
474,Branch 474,27
475,Branch 475,27
476,Branch 476,27
477,Branch 477,27
478,Branch 478,27
479,Branch 479,27
721,Branch 721,27
989,Branch 989,27
1105,Branch 1105,27
481,Branch 481,28
482,Branch 482,28
483,Branch 483,28
484,Branch 484,28
485,Branch 485,28
486,Branch 486,28
487,Branch 487,28
488,Branch 488,28
489,Branch 489,28
490,Branch 490,28
491,Branch 491,28
492,Branch 492,28
493,Branch 493,28
494,Branch 494,28
495,Branch 495,28
496,Branch 496,28
497,Branch 497,28
498,Branch 498,28
499,Branch 499,28
500,Branch 500,28
501,Branch 501,28
502,Branch 502,28
503,Branch 503,28
504,Branch 504,28
505,Branch 505,28
506,Branch 506,28
507,Branch 507,28
508,Branch 508,28
509,Branch 509,28
510,Branch 510,28
511,Branch 511,28
512,Branch 512,28
513,Branch 513,28
514,Branch 514,28
515,Branch 515,28
516,Branch 516,28
517,Branch 517,28
518,Branch 518,28
519,Branch 519,28
520,Branch 520,28
521,Branch 521,28
522,Branch 522,28
523,Branch 523,28
524,Branch 524,28
525,Branch 525,28
526,Branch 526,28
527,Branch 527,28
528,Branch 528,28
529,Branch 529,28
530,Branch 530,28
531,Branch 531,28
532,Branch 532,28
533,Branch 533,28
534,Branch 534,28
535,Branch 535,28
618,Branch 618,28
660,Branch 660,28
662,Branch 662,28
666,Branch 666,28
676,Branch 676,28
680,Branch 680,28
681,Branch 681,28
682,Branch 682,28
683,Branch 683,28
684,Branch 684,28
685,Branch 685,28
728,Branch 728,28
732,Branch 732,28
733,Branch 733,28
741,Branch 741,28
863,Branch 863,28
936,Branch 936,28
938,Branch 938,28
939,Branch 939,28
940,Branch 940,28
941,Branch 941,28
942,Branch 942,28
991,Branch 991,28
992,Branch 992,28
993,Branch 993,28
994,Branch 994,28
1087,Branch 1087,28
1160,Branch 1160,28
1161,Branch 1161,28
1162,Branch 1162,28
536,Branch 536,29
537,Branch 537,30
538,Branch 538,30
539,Branch 539,30
540,Branch 540,30
541,Branch 541,30
542,Branch 542,30
543,Branch 543,30
544,Branch 544,30
545,Branch 545,30
546,Branch 546,30
547,Branch 547,30
548,Branch 548,30
549,Branch 549,30
550,Branch 550,30
551,Branch 551,30
552,Branch 552,30
553,Branch 553,30
554,Branch 554,30
555,Branch 555,30
556,Branch 556,30
557,Branch 557,30
558,Branch 558,30
559,Branch 559,30
560,Branch 560,30
561,Branch 561,30
562,Branch 562,30
563,Branch 563,30
564,Branch 564,30
565,Branch 565,30
566,Branch 566,30
567,Branch 567,30
568,Branch 568,30
569,Branch 569,30
570,Branch 570,30
571,Branch 571,30
572,Branch 572,30
573,Branch 573,30
574,Branch 574,30
576,Branch 576,30
577,Branch 577,30
578,Branch 578,30
579,Branch 579,30
580,Branch 580,30
581,Branch 581,30
582,Branch 582,30
583,Branch 583,30
584,Branch 584,30
585,Branch 585,30
586,Branch 586,30
587,Branch 587,30
588,Branch 588,30
589,Branch 589,30
590,Branch 590,30
591,Branch 591,30
592,Branch 592,30
593,Branch 593,30
594,Branch 594,30
595,Branch 595,30
596,Branch 596,30
597,Branch 597,30
598,Branch 598,30
599,Branch 599,30
600,Branch 600,30
601,Branch 601,30
602,Branch 602,30
603,Branch 603,30
604,Branch 604,30
605,Branch 605,30
606,Branch 606,30
607,Branch 607,30
608,Branch 608,30
609,Branch 609,30
610,Branch 610,30
611,Branch 611,30
612,Branch 612,30
613,Branch 613,30
614,Branch 614,30
615,Branch 615,30
616,Branch 616,30
617,Branch 617,30
713,Branch 713,30
718,Branch 718,30
719,Branch 719,30
723,Branch 723,30
724,Branch 724,30
725,Branch 725,30
726,Branch 726,30
731,Branch 731,30
737,Branch 737,30
739,Branch 739,30
759,Branch 759,30
927,Branch 927,30
934,Branch 934,30
935,Branch 935,30
995,Branch 995,30
1041,Branch 1041,30
1042,Branch 1042,30
1043,Branch 1043,30
1044,Branch 1044,30
1048,Branch 1048,30
1051,Branch 1051,30
1052,Branch 1052,30
1059,Branch 1059,30
1060,Branch 1060,30
1066,Branch 1066,30
1068,Branch 1068,30
1074,Branch 1074,30
1075,Branch 1075,30
1076,Branch 1076,30
1090,Branch 1090,30
1094,Branch 1094,30
1095,Branch 1095,30
1096,Branch 1096,30
1106,Branch 1106,30
1107,Branch 1107,30
1108,Branch 1108,30
1117,Branch 1117,30
1118,Branch 1118,30
1119,Branch 1119,30
1120,Branch 1120,30
1121,Branch 1121,30
1122,Branch 1122,30
1125,Branch 1125,30
1178,Branch 1178,30
1179,Branch 1179,30
1182,Branch 1182,30
1183,Branch 1183,30
1184,Branch 1184,30
1185,Branch 1185,30
1186,Branch 1186,30
1187,Branch 1187,30
1188,Branch 1188,30
1189,Branch 1189,30
1190,Branch 1190,30
1202,Branch 1202,30
1203,Branch 1203,30
1204,Branch 1204,30
1212,Branch 1212,30
1213,Branch 1213,30
619,Branch 619,31
620,Branch 620,31
621,Branch 621,31
622,Branch 622,31
623,Branch 623,31
624,Branch 624,31
625,Branch 625,31
626,Branch 626,31
627,Branch 627,31
628,Branch 628,31
629,Branch 629,31
630,Branch 630,31
631,Branch 631,31
632,Branch 632,31
633,Branch 633,31
634,Branch 634,31
635,Branch 635,31
636,Branch 636,31
637,Branch 637,31
638,Branch 638,31
639,Branch 639,31
640,Branch 640,31
641,Branch 641,31
642,Branch 642,31
643,Branch 643,31
644,Branch 644,31
645,Branch 645,31
646,Branch 646,31
647,Branch 647,31
648,Branch 648,31
649,Branch 649,31
650,Branch 650,31
651,Branch 651,31
652,Branch 652,31
653,Branch 653,31
654,Branch 654,31
655,Branch 655,31
656,Branch 656,31
657,Branch 657,31
658,Branch 658,31
659,Branch 659,31
663,Branch 663,31
720,Branch 720,31
727,Branch 727,31
736,Branch 736,31
932,Branch 932,31
1097,Branch 1097,31
686,Branch 686,32
687,Branch 687,32
688,Branch 688,32
689,Branch 689,32
690,Branch 690,32
691,Branch 691,32
692,Branch 692,32
693,Branch 693,32
694,Branch 694,32
695,Branch 695,32
696,Branch 696,32
697,Branch 697,32
698,Branch 698,32
699,Branch 699,32
700,Branch 700,32
701,Branch 701,32
702,Branch 702,32
703,Branch 703,32
704,Branch 704,32
705,Branch 705,32
706,Branch 706,32
707,Branch 707,32
708,Branch 708,32
709,Branch 709,32
710,Branch 710,32
711,Branch 711,32
712,Branch 712,32
988,Branch 988,32
1070,Branch 1070,32
1104,Branch 1104,32
1109,Branch 1109,32
1128,Branch 1128,32
1129,Branch 1129,32
1130,Branch 1130,32
1131,Branch 1131,32
1132,Branch 1132,32
1133,Branch 1133,32
1134,Branch 1134,32
1135,Branch 1135,32
1136,Branch 1136,32
1137,Branch 1137,32
1138,Branch 1138,32
1139,Branch 1139,32
1140,Branch 1140,32
1141,Branch 1141,32
1142,Branch 1142,32
1143,Branch 1143,32
722,Branch 722,33
734,Branch 734,33
735,Branch 735,33
742,Branch 742,34
743,Branch 743,34
744,Branch 744,34
745,Branch 745,34
746,Branch 746,34
747,Branch 747,34
748,Branch 748,34
749,Branch 749,34
750,Branch 750,34
751,Branch 751,34
752,Branch 752,34
753,Branch 753,34
754,Branch 754,34
755,Branch 755,34
756,Branch 756,34
757,Branch 757,34
758,Branch 758,34
760,Branch 760,35
761,Branch 761,35
762,Branch 762,35
763,Branch 763,35
764,Branch 764,35
765,Branch 765,35
766,Branch 766,35
767,Branch 767,35
768,Branch 768,35
769,Branch 769,35
770,Branch 770,35
771,Branch 771,35
772,Branch 772,35
773,Branch 773,35
774,Branch 774,35
775,Branch 775,35
776,Branch 776,35
777,Branch 777,35
778,Branch 778,35
779,Branch 779,35
780,Branch 780,35
781,Branch 781,35
782,Branch 782,35
784,Branch 784,35
785,Branch 785,35
786,Branch 786,35
787,Branch 787,35
788,Branch 788,35
789,Branch 789,35
790,Branch 790,35
791,Branch 791,35
792,Branch 792,35
793,Branch 793,35
794,Branch 794,35
795,Branch 795,35
796,Branch 796,35
797,Branch 797,35
798,Branch 798,35
799,Branch 799,35
800,Branch 800,35
801,Branch 801,35
802,Branch 802,35
803,Branch 803,35
804,Branch 804,35
805,Branch 805,35
806,Branch 806,35
807,Branch 807,35
808,Branch 808,35
809,Branch 809,35
810,Branch 810,35
811,Branch 811,35
812,Branch 812,35
813,Branch 813,35
814,Branch 814,35
815,Branch 815,35
816,Branch 816,35
817,Branch 817,35
818,Branch 818,35
819,Branch 819,35
820,Branch 820,35
821,Branch 821,35
822,Branch 822,35
823,Branch 823,35
824,Branch 824,35
825,Branch 825,35
826,Branch 826,35
827,Branch 827,35
828,Branch 828,35
829,Branch 829,35
830,Branch 830,35
831,Branch 831,35
832,Branch 832,35
833,Branch 833,35
834,Branch 834,35
835,Branch 835,35
836,Branch 836,35
837,Branch 837,35
838,Branch 838,35
839,Branch 839,35
840,Branch 840,35
841,Branch 841,35
842,Branch 842,35
843,Branch 843,35
844,Branch 844,35
845,Branch 845,35
846,Branch 846,35
847,Branch 847,35
848,Branch 848,35
849,Branch 849,35
850,Branch 850,35
851,Branch 851,35
852,Branch 852,35
853,Branch 853,35
854,Branch 854,35
855,Branch 855,35
856,Branch 856,35
857,Branch 857,35
858,Branch 858,35
859,Branch 859,35
860,Branch 860,35
861,Branch 861,35
862,Branch 862,35
931,Branch 931,35
971,Branch 971,35
983,Branch 983,35
1039,Branch 1039,35
1045,Branch 1045,35
1047,Branch 1047,35
1054,Branch 1054,35
1055,Branch 1055,35
1056,Branch 1056,35
1057,Branch 1057,35
1058,Branch 1058,35
1062,Branch 1062,35
1067,Branch 1067,35
1069,Branch 1069,35
1073,Branch 1073,35
1077,Branch 1077,35
1078,Branch 1078,35
1079,Branch 1079,35
1080,Branch 1080,35
1082,Branch 1082,35
1088,Branch 1088,35
1089,Branch 1089,35
1092,Branch 1092,35
1093,Branch 1093,35
1098,Branch 1098,35
1099,Branch 1099,35
1100,Branch 1100,35
1101,Branch 1101,35
1110,Branch 1110,35
1111,Branch 1111,35
1112,Branch 1112,35
1113,Branch 1113,35
1114,Branch 1114,35
1123,Branch 1123,35
1126,Branch 1126,35
1127,Branch 1127,35
1180,Branch 1180,35
1181,Branch 1181,35
1191,Branch 1191,35
1192,Branch 1192,35
1197,Branch 1197,35
1198,Branch 1198,35
1199,Branch 1199,35
1200,Branch 1200,35
1214,Branch 1214,35
1215,Branch 1215,35
1216,Branch 1216,35
1217,Branch 1217,35
1218,Branch 1218,35
1219,Branch 1219,35
1220,Branch 1220,35
1221,Branch 1221,35
1222,Branch 1222,35
947,Branch 947,36
948,Branch 948,36
949,Branch 949,36
950,Branch 950,36
951,Branch 951,36
952,Branch 952,36
953,Branch 953,36
954,Branch 954,36
955,Branch 955,36
956,Branch 956,36
957,Branch 957,36
958,Branch 958,36
959,Branch 959,36
960,Branch 960,36
961,Branch 961,36
962,Branch 962,36
963,Branch 963,36
964,Branch 964,36
965,Branch 965,36
966,Branch 966,36
967,Branch 967,36
968,Branch 968,36
969,Branch 969,36
1050,Branch 1050,36
1091,Branch 1091,36
997,Branch 997,37
998,Branch 998,37
999,Branch 999,37
1000,Branch 1000,37
1081,Branch 1081,37
1014,Branch 1014,38
1015,Branch 1015,38
1016,Branch 1016,38
1017,Branch 1017,38
1018,Branch 1018,38
1019,Branch 1019,38
1020,Branch 1020,38
1021,Branch 1021,38
1022,Branch 1022,38
1023,Branch 1023,38
1024,Branch 1024,38
1025,Branch 1025,38
1026,Branch 1026,38
1027,Branch 1027,38
1028,Branch 1028,38
1029,Branch 1029,38
1030,Branch 1030,38
1031,Branch 1031,38
1032,Branch 1032,38
1033,Branch 1033,38
1034,Branch 1034,38
1035,Branch 1035,38
1036,Branch 1036,38
1053,Branch 1053,38
1071,Branch 1071,38
1072,Branch 1072,38
1145,Branch 1145,39
1163,Branch 1163,40
1164,Branch 1164,41
1165,Branch 1165,42
1166,Branch 1166,43
1167,Branch 1167,44
1168,Branch 1168,45
1169,Branch 1169,46
1170,Branch 1170,47
1171,Branch 1171,48
1172,Branch 1172,49
1173,Branch 1173,50
1174,Branch 1174,51
1175,Branch 1175,52
1176,Branch 1176,53
1177,Branch 1177,54
1223,Branch 1223,55
1224,Branch 1224,55
1225,Branch 1225,55
1226,Branch 1226,55
1227,Branch 1227,55
1228,Branch 1228,55
1229,Branch 1229,55
1230,Branch 1230,55
1231,Branch 1231,55
1232,Branch 1232,55
1233,Branch 1233,55
1234,Branch 1234,55
1235,Branch 1235,55
1236,Branch 1236,55
1237,Branch 1237,55
1238,Branch 1238,55
1239,Branch 1239,55
1240,Branch 1240,55
1241,Branch 1241,55
1242,Branch 1242,55
1243,Branch 1243,55
1244,Branch 1244,55
1245,Branch 1245,55
1246,Branch 1246,55
1247,Branch 1247,55
1248,Branch 1248,55
1249,Branch 1249,55
1250,Branch 1250,55
1251,Branch 1251,55
1252,Branch 1252,55
1253,Branch 1253,55
1254,Branch 1254,55
1255,Branch 1255,55
1256,Branch 1256,55
1257,Branch 1257,55
1258,Branch 1258,55
1259,Branch 1259,55
1260,Branch 1260,55
1261,Branch 1261,55
1262,Branch 1262,55
1263,Branch 1263,55
1264,Branch 1264,55
1265,Branch 1265,55
1266,Branch 1266,55
1267,Branch 1267,55
1268,Branch 1268,55
1269,Branch 1269,55
1270,Branch 1270,55
1271,Branch 1271,55
1272,Branch 1272,55
1273,Branch 1273,55
1274,Branch 1274,55
1275,Branch 1275,55
1276,Branch 1276,55
1277,Branch 1277,55
1278,Branch 1278,55
1279,Branch 1279,55
1280,Branch 1280,55
1281,Branch 1281,55
1282,Branch 1282,55
1283,Branch 1283,55
1284,Branch 1284,55
1285,Branch 1285,55
1286,Branch 1286,55
1287,Branch 1287,55
1288,Branch 1288,55
1289,Branch 1289,55
1290,Branch 1290,55
1291,Branch 1291,55
1292,Branch 1292,55
1293,Branch 1293,55
1294,Branch 1294,55
1295,Branch 1295,55
1296,Branch 1296,55
1297,Branch 1297,55
1298,Branch 1298,55
1299,Branch 1299,55
1300,Branch 1300,55
1301,Branch 1301,55
1302,Branch 1302,55
1303,Branch 1303,55
1304,Branch 1304,55
1305,Branch 1305,55
1306,Branch 1306,55
1307,Branch 1307,55
1308,Branch 1308,55
1309,Branch 1309,55
1310,Branch 1310,55
1311,Branch 1311,55
1312,Branch 1312,55
1313,Branch 1313,55
1314,Branch 1314,55
1315,Branch 1315,55
1316,Branch 1316,55
1317,Branch 1317,55
1318,Branch 1318,55
1319,Branch 1319,55
1320,Branch 1320,55
1321,Branch 1321,55
1322,Branch 1322,55
1323,Branch 1323,55
1324,Branch 1324,55
1325,Branch 1325,55
1326,Branch 1326,55
1327,Branch 1327,55
1328,Branch 1328,55
1329,Branch 1329,55
1330,Branch 1330,55
1331,Branch 1331,55
1332,Branch 1332,55
1333,Branch 1333,55
1334,Branch 1334,55
1335,Branch 1335,55
1336,Branch 1336,55
1337,Branch 1337,55
1338,Branch 1338,55
1339,Branch 1339,55
1340,Branch 1340,55
1341,Branch 1341,55
1342,Branch 1342,55
1343,Branch 1343,55
1344,Branch 1344,55
1345,Branch 1345,55
1346,Branch 1346,55
1347,Branch 1347,55
1348,Branch 1348,55
1349,Branch 1349,55
1350,Branch 1350,55
1351,Branch 1351,55
1352,Branch 1352,55
1353,Branch 1353,55
1354,Branch 1354,55
1355,Branch 1355,55
1356,Branch 1356,55
1357,Branch 1357,55
1358,Branch 1358,55
1359,Branch 1359,55
1360,Branch 1360,55
1361,Branch 1361,55
1362,Branch 1362,55
1363,Branch 1363,55
1364,Branch 1364,55
1365,Branch 1365,55
1366,Branch 1366,55
1367,Branch 1367,55
1368,Branch 1368,55
1369,Branch 1369,55
1370,Branch 1370,55
1371,Branch 1371,55
1372,Branch 1372,55
1373,Branch 1373,55
1374,Branch 1374,55
1375,Branch 1375,55
1376,Branch 1376,55
1377,Branch 1377,55
1378,Branch 1378,55
1379,Branch 1379,55
1380,Branch 1380,55
1381,Branch 1381,55
1382,Branch 1382,55
1383,Branch 1383,55
1384,Branch 1384,55
1385,Branch 1385,55
1386,Branch 1386,55
1387,Branch 1387,55
1388,Branch 1388,55
1389,Branch 1389,55
1390,Branch 1390,55
1391,Branch 1391,55
1392,Branch 1392,55
1393,Branch 1393,55
1394,Branch 1394,55
1395,Branch 1395,55
1396,Branch 1396,55
1397,Branch 1397,55
